{"_runtime":612.874286,"_wandb":{"runtime":632},"_step":29,"reward":-202,"time_steps":290046,"_timestamp":1.731558729012418e+09}