{"time_steps":0,"_timestamp":1.7315316357786e+09,"_runtime":0.98739,"_step":0,"_wandb":{"runtime":2},"reward":-420.7090000000001}