{"_step":29,"_wandb":{"runtime":621},"reward":2.49400000000003,"time_steps":290048,"_timestamp":1.7315507301192288e+09,"_runtime":600.879736}