{"_timestamp":1.731503178730898e+09,"_runtime":21.197402,"_step":1,"_wandb":{"runtime":32},"reward":-28.849999999999955,"time_steps":10014}