{"_runtime":741.777679,"_step":29,"_wandb":{"runtime":766},"reward":-4.000000000000002,"time_steps":290078,"_timestamp":1.731547713714449e+09}