{
    "vmas": {
        "navigation": {
            "mappo": {
                "seed_1": {
                    "absolute_metrics": {
                        "agents_return": [
                            0.5213181376457214
                        ],
                        "return": [
                            0.5213181376457214
                        ]
                    },
                    "step_0": {
                        "step_count": 6000,
                        "agents_return": [
                            0.3558126389980316,
                            0.5213181376457214,
                            0.11864271759986877,
                            0.29044967889785767,
                            0.20598627626895905,
                            0.36119815707206726,
                            0.2434207648038864,
                            0.41851893067359924,
                            0.10877979546785355,
                            -1.6779050827026367
                        ],
                        "return": [
                            0.3558126389980316,
                            0.5213181376457214,
                            0.11864271759986877,
                            0.29044967889785767,
                            0.20598627626895905,
                            0.36119815707206726,
                            0.2434207648038864,
                            0.41851893067359924,
                            0.10877979546785355,
                            -1.6779050827026367
                        ]
                    }
                }
            }
        }
    }
}