{"reward":-4.749999999999998,"_wandb":{"runtime":1348},"time_steps":290035,"_timestamp":1.731535213653527e+09,"_runtime":1304.854992,"_step":29}