{"time_steps":0,"_timestamp":1.7315317132243562e+09,"_runtime":1.6889880000000002,"_step":0,"_wandb":{"runtime":4},"reward":-9.299999999999967}