{"_wandb":{"runtime":2},"reward":-15.79999999999996,"time_steps":0,"_timestamp":1.731503233000701e+09,"_runtime":2.112557,"_step":0}