{"time_steps":290036,"_timestamp":1.731557665622665e+09,"_runtime":705.094192,"_step":29,"_wandb":{"runtime":765},"reward":22.66600000000001}