{"_runtime":1456.121006,"_wandb":{"runtime":1509},"_step":29,"reward":-133.8275,"time_steps":290047,"_timestamp":1.7315374884512699e+09}