{"_step":34,"reward":-3.1499999999999977,"time_steps":340040,"_timestamp":1.7315067231510642e+09,"_runtime":3221.033585,"_wandb":{"runtime":3266}}