{"_runtime":1306.152529,"_step":29,"reward":-3.899999999999995,"time_steps":290040,"_wandb":{"runtime":1349},"_timestamp":1.7315469219551418e+09}