{"_runtime":361.547066,"_step":29,"_wandb":{"runtime":373},"reward":-4.000000000000002,"time_steps":290094,"_timestamp":1.7315329858047612e+09}