{"_step":29,"reward":-4.399999999999996,"time_steps":290023,"_wandb":{"runtime":1375},"_timestamp":1.731508255320627e+09,"_runtime":1331.282336}