{"reward":-130.48099999999997,"time_steps":290041,"_timestamp":1.731549117375624e+09,"_wandb":{"runtime":1418},"_runtime":1372.302831,"_step":29}