{"reward":-93.22799999999998,"time_steps":290012,"_timestamp":1.7315384308216362e+09,"_runtime":881.611088,"_step":29,"_wandb":{"runtime":915}}