{"_runtime":2789.007171,"_step":49,"reward":-5.199999999999997,"_wandb":{"runtime":2849},"time_steps":490035,"_timestamp":1.7314787148782e+09}