{"_wandb":{"runtime":3},"reward":-202,"time_steps":0,"_timestamp":1.7315319784357278e+09,"_runtime":2.259205,"_step":0}