{"_runtime":628.788724,"_wandb":{"runtime":650},"_step":29,"reward":-138.93599999999998,"time_steps":290090,"_timestamp":1.731551823039977e+09}