{"_timestamp":1.7315032425133178e+09,"_runtime":2.220281,"_step":0,"_wandb":{"runtime":3},"reward":-176.24899999999997,"time_steps":0}