{"_timestamp":1.731494124396757e+09,"_runtime":738.781402,"_wandb":{"runtime":767},"_step":24,"reward":-200.6825,"time_steps":240084}