{"_timestamp":1.731555972272793e+09,"_wandb":{"runtime":1402},"_runtime":1357.389979,"_step":29,"reward":-169.29799999999994,"time_steps":290028}