{
    "vmas": {
        "navigation": {
            "ippo": {
                "seed_0": {
                    "absolute_metrics": {
                        "agents_return": [
                            0.6291730403900146
                        ],
                        "return": [
                            0.6291730403900146
                        ]
                    },
                    "step_0": {
                        "step_count": 6000,
                        "agents_return": [
                            0.28681936860084534,
                            0.4621853530406952,
                            0.42931827902793884,
                            0.4764936864376068,
                            0.45011457800865173,
                            0.29829347133636475,
                            0.6291730403900146,
                            0.4299756586551666,
                            0.27242395281791687,
                            0.5126814246177673
                        ],
                        "return": [
                            0.28681936860084534,
                            0.4621853530406952,
                            0.42931827902793884,
                            0.4764936864376068,
                            0.45011457800865173,
                            0.29829347133636475,
                            0.6291730403900146,
                            0.4299756586551666,
                            0.27242395281791687,
                            0.5126814246177673
                        ]
                    }
                }
            }
        }
    }
}