{"reward":-19.61199999999998,"_wandb":{"runtime":2},"time_steps":0,"_timestamp":1.73153175905937e+09,"_runtime":1.612835,"_step":0}