{"reward":-138.449,"time_steps":290045,"_timestamp":1.731513229847523e+09,"_runtime":676.121159,"_wandb":{"runtime":698},"_step":29}