{"_step":0,"reward":-24.79999999999998,"_wandb":{"runtime":3},"time_steps":0,"_timestamp":1.7315319563990889e+09,"_runtime":2.548816}