{"_wandb":{"runtime":2},"reward":-8.649999999999967,"time_steps":0,"_timestamp":1.731531627096931e+09,"_runtime":1.844979,"_step":0}