{"_timestamp":1.7314807081245859e+09,"_runtime":1275.461901,"_step":49,"_wandb":{"runtime":1300},"reward":-4.000000000000002,"time_steps":490009}