{"_step":0,"_wandb":{"runtime":5},"reward":-149.91449999999995,"time_steps":0,"_timestamp":1.731531934022604e+09,"_runtime":1.673565}