{"time_steps":290037,"_timestamp":1.731532602288322e+09,"_runtime":365.605263,"_step":29,"_wandb":{"runtime":377},"reward":-4.000000000000002}