{"time_steps":0,"_timestamp":1.7315317016429162e+09,"_runtime":2.287088,"_step":0,"_wandb":{"runtime":5},"reward":-27.649999999999967}