{"_timestamp":1.731554578928535e+09,"_wandb":{"runtime":910},"_runtime":881.113116,"_step":29,"reward":-4.000000000000002,"time_steps":290068}