{"_timestamp":1.731503396045541e+09,"_runtime":1.9614129999999999,"_wandb":{"runtime":2},"_step":0,"reward":-36.59999999999998,"time_steps":0}