{"time_steps":290057,"_timestamp":1.731543360650191e+09,"_runtime":890.241325,"_step":29,"_wandb":{"runtime":919},"reward":-162.23299999999998}