{"_timestamp":1.7315316448496242e+09,"_runtime":0.905103,"_wandb":{"runtime":2},"_step":0,"reward":-419.18050000000005,"time_steps":0}