{"_runtime":1.647327,"_step":0,"_wandb":{"runtime":2},"reward":-93.151,"time_steps":0,"_timestamp":1.7315033789248981e+09}