{"_runtime":1.2600310000000001,"_step":0,"reward":-565.333,"time_steps":0,"_timestamp":1.731531875754693e+09,"_wandb":{"runtime":3}}