{"reward":-214.85099999999997,"time_steps":0,"_timestamp":1.731503370282893e+09,"_runtime":2.597364,"_step":0,"_wandb":{"runtime":3}}