{"_wandb":{"runtime":425},"reward":-202,"time_steps":290080,"_timestamp":1.7315334189338691e+09,"_runtime":411.73674,"_step":29}