{"_wandb":{"runtime":432},"_step":29,"reward":-181.86599999999999,"time_steps":290032,"_timestamp":1.731559177582718e+09,"_runtime":418.847715}