{"_wandb":{"runtime":19},"reward":-26.64999999999993,"time_steps":0,"_timestamp":1.731487647077965e+09,"_runtime":2.047658,"_step":0}