{"_wandb":{"runtime":3},"reward":-21.84999999999998,"time_steps":0,"_timestamp":1.7315317500782259e+09,"_runtime":1.845388,"_step":0}