{"time_steps":0,"_timestamp":1.731531535528209e+09,"_wandb":{"runtime":6},"_runtime":2.469677,"_step":0,"reward":-9.499999999999963}