{"_timestamp":1.731492142600224e+09,"_runtime":1390.61354,"_step":49,"_wandb":{"runtime":1443},"reward":-122.79450000000001,"time_steps":490023}