{"_wandb":{"runtime":683},"_step":49,"reward":-4.000000000000002,"time_steps":490078,"_timestamp":1.731482373748064e+09,"_runtime":671.233337}