{"time_steps":290093,"_timestamp":1.731510504202198e+09,"_runtime":1419.542476,"_step":29,"_wandb":{"runtime":1465},"reward":-158.99299999999994}