{"time_steps":0,"_timestamp":1.731531776885657e+09,"_runtime":1.527806,"_step":0,"_wandb":{"runtime":2},"reward":-165.41299999999995}