{"_timestamp":1.731531689915225e+09,"_runtime":1.6911420000000001,"_step":0,"reward":-137.217,"time_steps":0,"_wandb":{"runtime":4}}