{"reward":-62.50500000000001,"time_steps":0,"_timestamp":1.731531807219254e+09,"_runtime":2.038639,"_step":0,"_wandb":{"runtime":6}}