{
    "vmas": {
        "navigation": {
            "mappo": {
                "seed_1": {
                    "absolute_metrics": {
                        "agents_return": [
                            1.1780911684036255
                        ],
                        "return": [
                            1.1780911684036255
                        ]
                    },
                    "step_0": {
                        "step_count": 6000,
                        "agents_return": [
                            0.3558126389980316,
                            0.5213181376457214,
                            0.11864271759986877,
                            0.29044967889785767,
                            0.20598627626895905,
                            0.36119815707206726,
                            0.2434207648038864,
                            0.41851893067359924,
                            0.10877979546785355,
                            -1.6779050827026367
                        ],
                        "return": [
                            0.3558126389980316,
                            0.5213181376457214,
                            0.11864271759986877,
                            0.29044967889785767,
                            0.20598627626895905,
                            0.36119815707206726,
                            0.2434207648038864,
                            0.41851893067359924,
                            0.10877979546785355,
                            -1.6779050827026367
                        ]
                    },
                    "step_1": {
                        "step_count": 120000,
                        "agents_return": [
                            -0.06149895861744881,
                            0.9052813649177551,
                            0.4896352291107178,
                            0.9647547602653503,
                            1.1289767026901245,
                            0.8684830665588379,
                            0.809166431427002,
                            1.1780911684036255,
                            0.9706342816352844,
                            0.0010838905582204461
                        ],
                        "return": [
                            -0.06149895861744881,
                            0.9052813649177551,
                            0.4896352291107178,
                            0.9647547602653503,
                            1.1289767026901245,
                            0.8684830665588379,
                            0.809166431427002,
                            1.1780911684036255,
                            0.9706342816352844,
                            0.0010838905582204461
                        ]
                    }
                }
            }
        }
    }
}