{"_timestamp":1.731502947420167e+09,"_runtime":136.643105,"_step":2,"_wandb":{"runtime":170},"reward":-241.66400000000004,"time_steps":20021}