{
    "vmas": {
        "navigation": {
            "mappo": {
                "seed_0": {
                    "absolute_metrics": {
                        "agents_return": [
                            0.40983858704566956
                        ],
                        "return": [
                            0.40983858704566956
                        ]
                    },
                    "step_0": {
                        "step_count": 6000,
                        "agents_return": [
                            0.09156236052513123,
                            0.28766417503356934,
                            0.36916396021842957,
                            0.35355398058891296,
                            0.3578968346118927,
                            0.33139166235923767,
                            0.3603196144104004,
                            0.1663898080587387,
                            0.1424492597579956,
                            0.40983858704566956
                        ],
                        "return": [
                            0.09156236052513123,
                            0.28766417503356934,
                            0.36916396021842957,
                            0.35355398058891296,
                            0.3578968346118927,
                            0.33139166235923767,
                            0.3603196144104004,
                            0.1663898080587387,
                            0.1424492597579956,
                            0.40983858704566956
                        ]
                    }
                }
            }
        }
    }
}