{"_wandb":{"runtime":367},"reward":-155.04250000000002,"time_steps":240075,"_timestamp":1.731493261302895e+09,"_runtime":351.960333,"_step":24}