{"_step":0,"reward":-7.699999999999967,"time_steps":0,"_timestamp":1.7314877198337731e+09,"_wandb":{"runtime":20},"_runtime":1.88792}