{"_runtime":746.936696,"_step":29,"_wandb":{"runtime":771},"reward":-4.000000000000002,"time_steps":290089,"_timestamp":1.731509052712652e+09}