{"_wandb":{"runtime":3},"_timestamp":1.731531867549006e+09,"_runtime":1.793344,"_step":0,"reward":-3.6499999999999675,"time_steps":0}