{"_timestamp":1.731503413175296e+09,"_wandb":{"runtime":2},"_runtime":2.013846,"_step":0,"reward":-202,"time_steps":0}