{"reward":-606.1545,"time_steps":0,"_timestamp":1.7315034047750258e+09,"_runtime":1.190856,"_step":0,"_wandb":{"runtime":1}}