{"reward":-148.1365,"time_steps":290026,"_timestamp":1.731511324661267e+09,"_runtime":765.433356,"_step":29,"_wandb":{"runtime":790}}