{"_step":0,"_wandb":{"runtime":7},"reward":-152.41349999999997,"time_steps":0,"_timestamp":1.73153167617094e+09,"_runtime":1.954674}