{"_wandb":{"runtime":313},"reward":-4.000000000000002,"_timestamp":1.731441332477143e+09,"_runtime":284.119198,"_step":9}