{"_wandb":{"runtime":1495},"_timestamp":1.7314984182979991e+09,"_runtime":1440.870661,"_step":24,"reward":-156.952,"time_steps":240021}