{"reward":-4.000000000000002,"time_steps":490091,"_timestamp":1.73144572702335e+09,"_wandb":{"runtime":780},"_runtime":765.336885,"_step":49}