{"time_steps":0,"_timestamp":1.731531945541623e+09,"_runtime":1.888428,"_wandb":{"runtime":3},"_step":0,"reward":-13.557999999999955}