{"_timestamp":1.731545088453815e+09,"_runtime":689.550236,"_step":29,"_wandb":{"runtime":716},"reward":-85.3695,"time_steps":290017}