{"_runtime":1.828999,"_step":0,"_wandb":{"runtime":6},"reward":-274.88250000000005,"time_steps":0,"_timestamp":1.731531737580531e+09}