{"_runtime":2.268144,"_step":0,"reward":-152.43949999999998,"_wandb":{"runtime":9},"time_steps":0,"_timestamp":1.731531919056004e+09}