{"_wandb":{"runtime":400},"reward":-102.4265,"time_steps":240020,"_timestamp":1.7315024553512971e+09,"_runtime":381.395028,"_step":24}