{"reward":-41.891999999999996,"time_steps":30089,"_timestamp":1.731441563389378e+09,"_runtime":149.796815,"_wandb":{"runtime":168},"_step":3}