{"_step":49,"reward":33.204000000000015,"_wandb":{"runtime":2528},"time_steps":490018,"_timestamp":1.731448839252967e+09,"_runtime":2471.191446}