{"_wandb":{"runtime":3},"_step":0,"reward":-19.699999999999953,"time_steps":0,"_timestamp":1.7315033532144651e+09,"_runtime":2.418459}