{"_step":0,"reward":-835.8555000000002,"time_steps":0,"_timestamp":1.7315318474422941e+09,"_wandb":{"runtime":3},"_runtime":1.157281}