{"_wandb":{"runtime":6},"reward":-21.24999999999995,"time_steps":0,"_timestamp":1.731531786091516e+09,"_runtime":2.1023,"_step":0}