{"reward":-19.89999999999998,"time_steps":0,"_timestamp":1.731531907550747e+09,"_runtime":1.586371,"_step":0,"_wandb":{"runtime":4}}