{"_wandb":{"runtime":481},"_timestamp":1.731545590371559e+09,"_runtime":465.556807,"_step":29,"reward":-105.27850000000001,"time_steps":290065}