{"reward":-1.9580000000000026,"time_steps":290051,"_timestamp":1.731543992243971e+09,"_runtime":594.502242,"_wandb":{"runtime":613},"_step":29}