{"reward":-4.000000000000002,"time_steps":290044,"_timestamp":1.7315511684953432e+09,"_runtime":408.548972,"_step":29,"_wandb":{"runtime":422}}