{"_step":29,"_wandb":{"runtime":1655},"reward":-4.599999999999997,"time_steps":290091,"_timestamp":1.731540074613873e+09,"_runtime":1601.755689}