{"_runtime":1.7483819999999999,"_wandb":{"runtime":3},"_step":0,"reward":-202,"time_steps":0,"_timestamp":1.7315318857819011e+09}