{"_wandb":{"runtime":933},"_runtime":915.88187,"_step":49,"reward":1.7800000000000342,"time_steps":490001,"_timestamp":1.731487190443706e+09}