{"time_steps":0,"_timestamp":1.731531723827987e+09,"_wandb":{"runtime":7},"_runtime":2.21412,"_step":0,"reward":-167.44400000000002}