{"_timestamp":1.73150338743649e+09,"_runtime":2.105331,"_step":0,"reward":-32.95000000000001,"_wandb":{"runtime":2},"time_steps":0}