{"_wandb":{"runtime":457},"_runtime":439.430328,"_step":29,"reward":-124.35749999999999,"time_steps":290068,"_timestamp":1.731533881665025e+09}