{"_timestamp":1.7315032242918148e+09,"_runtime":2.257607,"_step":0,"_wandb":{"runtime":3},"reward":-16.199999999999974,"time_steps":0}