{"reward":15.308000000000032,"time_steps":290048,"_timestamp":1.73151252382823e+09,"_runtime":539.577891,"_step":29,"_wandb":{"runtime":559}}