{"_step":29,"reward":-5.749999999999989,"time_steps":290004,"_timestamp":1.7315119556855261e+09,"_wandb":{"runtime":617},"_runtime":598.778748}