{"_wandb":{"runtime":906},"reward":-4.000000000000002,"time_steps":290060,"_timestamp":1.731541012992886e+09,"_runtime":877.740349,"_step":29}