{"_wandb":{"runtime":927},"_runtime":897.895293,"_step":29,"reward":-150.06199999999998,"time_steps":290014,"_timestamp":1.731556922566093e+09}