{"time_steps":20005,"_timestamp":1.731503297849121e+09,"_runtime":40.282005,"_wandb":{"runtime":49},"_step":2,"reward":-9.99999999999998}