{"_step":29,"_wandb":{"runtime":423},"reward":-200.5485,"time_steps":290041,"_timestamp":1.7315522647681541e+09,"_runtime":410.78843}