{"_step":0,"reward":-19.449999999999992,"_wandb":{"runtime":6},"time_steps":0,"_timestamp":1.731531895201188e+09,"_runtime":2.201755}