{"time_steps":0,"_timestamp":1.731490643758614e+09,"_runtime":1.7400790000000002,"_step":0,"_wandb":{"runtime":20},"reward":-10.257999999999955}