{"_step":29,"_wandb":{"runtime":739},"reward":-43.18,"time_steps":290003,"_timestamp":1.73151396739462e+09,"_runtime":705.311797}