{"_step":0,"reward":-24.857999999999972,"time_steps":0,"_timestamp":1.731503315170503e+09,"_runtime":1.83684,"_wandb":{"runtime":17}}