{"time_steps":0,"_timestamp":1.731531797478824e+09,"_wandb":{"runtime":3},"_runtime":1.54155,"_step":0,"reward":-22.69999999999995}