{"time_steps":0,"_timestamp":1.7315316550029829e+09,"_wandb":{"runtime":5},"_runtime":2.059983,"_step":0,"reward":-14.349999999999955}