{"_runtime":3.885771,"_step":0,"_wandb":{"runtime":4},"reward":-21.94999999999998,"time_steps":0,"_timestamp":1.731531617885576e+09}