{"_timestamp":1.7315318585367522e+09,"_runtime":2.846121,"_step":0,"_wandb":{"runtime":4},"reward":-23.449999999999978,"time_steps":0}