{"time_steps":20038,"_timestamp":1.731503122385049e+09,"_wandb":{"runtime":166},"_runtime":136.423567,"_step":2,"reward":-202}