{"_timestamp":1.7315316657172291e+09,"_runtime":1.596411,"_step":0,"_wandb":{"runtime":3},"reward":-25.09999999999996,"time_steps":0}