{"_step":0,"_wandb":{"runtime":2},"reward":-415.97900000000016,"time_steps":0,"_timestamp":1.731503250237463e+09,"_runtime":1.113227}