{"_step":2,"_wandb":{"runtime":117},"reward":-29.94999999999996,"time_steps":20050,"_timestamp":1.7315027635036118e+09,"_runtime":95.457076}