{"_runtime":358.544123,"_step":29,"reward":-4.000000000000002,"time_steps":290010,"_wandb":{"runtime":370},"_timestamp":1.7315580941461198e+09}