{"reward":-4.300000000000002,"time_steps":290071,"_timestamp":1.731553644955644e+09,"_wandb":{"runtime":1402},"_runtime":1357.228197,"_step":29}