{"_step":29,"reward":-130.57549999999998,"_wandb":{"runtime":953},"time_steps":290071,"_timestamp":1.731550092256005e+09,"_runtime":921.924377}