{"_step":29,"_wandb":{"runtime":368},"reward":-4.000000000000002,"time_steps":290037,"_timestamp":1.731544378155216e+09,"_runtime":356.49961}