{
    "vmas": {
        "navigation": {
            "mappo": {
                "seed_0": {
                    "absolute_metrics": {
                        "agents_return": [
                            1.4388785362243652
                        ],
                        "return": [
                            1.4388785362243652
                        ]
                    },
                    "step_0": {
                        "step_count": 6000,
                        "agents_return": [
                            0.09156236052513123,
                            0.28766417503356934,
                            0.36916396021842957,
                            0.35355398058891296,
                            0.3578968346118927,
                            0.33139166235923767,
                            0.3603196144104004,
                            0.1663898080587387,
                            0.1424492597579956,
                            0.40983858704566956
                        ],
                        "return": [
                            0.09156236052513123,
                            0.28766417503356934,
                            0.36916396021842957,
                            0.35355398058891296,
                            0.3578968346118927,
                            0.33139166235923767,
                            0.3603196144104004,
                            0.1663898080587387,
                            0.1424492597579956,
                            0.40983858704566956
                        ]
                    },
                    "step_1": {
                        "step_count": 120000,
                        "agents_return": [
                            0.608063280582428,
                            -1.4640170335769653,
                            1.2672489881515503,
                            0.7809360027313232,
                            1.3591508865356445,
                            0.43808451294898987,
                            0.7633498311042786,
                            1.0662492513656616,
                            0.8532225489616394,
                            0.5919949412345886
                        ],
                        "return": [
                            0.608063280582428,
                            -1.4640170335769653,
                            1.2672489881515503,
                            0.7809360027313232,
                            1.3591508865356445,
                            0.43808451294898987,
                            0.7633498311042786,
                            1.0662492513656616,
                            0.8532225489616394,
                            0.5919949412345886
                        ]
                    },
                    "step_2": {
                        "step_count": 240000,
                        "agents_return": [
                            0.3707948625087738,
                            1.0291301012039185,
                            1.190193772315979,
                            1.1654691696166992,
                            0.9396316409111023,
                            -0.27332577109336853,
                            0.8394546508789062,
                            1.026249885559082,
                            0.752872884273529,
                            0.9677650332450867
                        ],
                        "return": [
                            0.3707948625087738,
                            1.0291301012039185,
                            1.190193772315979,
                            1.1654691696166992,
                            0.9396316409111023,
                            -0.27332577109336853,
                            0.8394546508789062,
                            1.026249885559082,
                            0.752872884273529,
                            0.9677650332450867
                        ]
                    },
                    "step_3": {
                        "step_count": 360000,
                        "agents_return": [
                            0.7872137427330017,
                            0.7872524261474609,
                            0.9297789931297302,
                            0.9858524799346924,
                            1.3882092237472534,
                            -0.575128972530365,
                            0.5444701910018921,
                            1.2595468759536743,
                            1.180144190788269,
                            0.6672412753105164
                        ],
                        "return": [
                            0.7872137427330017,
                            0.7872524261474609,
                            0.9297789931297302,
                            0.9858524799346924,
                            1.3882092237472534,
                            -0.575128972530365,
                            0.5444701910018921,
                            1.2595468759536743,
                            1.180144190788269,
                            0.6672412753105164
                        ]
                    },
                    "step_4": {
                        "step_count": 480000,
                        "agents_return": [
                            0.7693694233894348,
                            1.1945923566818237,
                            1.4388785362243652,
                            1.1917177438735962,
                            0.7070485949516296,
                            1.1084851026535034,
                            1.145945429801941,
                            1.2239998579025269,
                            1.2042946815490723,
                            1.0040489435195923
                        ],
                        "return": [
                            0.7693694233894348,
                            1.1945923566818237,
                            1.4388785362243652,
                            1.1917177438735962,
                            0.7070485949516296,
                            1.1084851026535034,
                            1.145945429801941,
                            1.2239998579025269,
                            1.2042946815490723,
                            1.0040489435195923
                        ]
                    },
                    "step_5": {
                        "step_count": 600000,
                        "agents_return": [
                            1.3100346326828003,
                            0.6768969893455505,
                            0.9858207702636719,
                            0.9038739204406738,
                            1.0756531953811646,
                            0.9735696911811829,
                            1.0225507020950317,
                            1.2142624855041504,
                            0.9986756443977356,
                            1.2810297012329102
                        ],
                        "return": [
                            1.3100346326828003,
                            0.6768969893455505,
                            0.9858207702636719,
                            0.9038739204406738,
                            1.0756531953811646,
                            0.9735696911811829,
                            1.0225507020950317,
                            1.2142624855041504,
                            0.9986756443977356,
                            1.2810297012329102
                        ]
                    }
                }
            }
        }
    }
}