{
    "vmas": {
        "navigation": {
            "ippo": {
                "seed_1": {
                    "absolute_metrics": {
                        "agents_return": [
                            0.5111801028251648
                        ],
                        "return": [
                            0.5111801028251648
                        ]
                    },
                    "step_0": {
                        "step_count": 6000,
                        "agents_return": [
                            0.24987410008907318,
                            0.5111801028251648,
                            0.024433016777038574,
                            0.2536115348339081,
                            0.1076478362083435,
                            0.33068379759788513,
                            0.2134738713502884,
                            0.3032453954219818,
                            0.012461612932384014,
                            0.26811403036117554
                        ],
                        "return": [
                            0.24987410008907318,
                            0.5111801028251648,
                            0.024433016777038574,
                            0.2536115348339081,
                            0.1076478362083435,
                            0.33068379759788513,
                            0.2134738713502884,
                            0.3032453954219818,
                            0.012461612932384014,
                            0.26811403036117554
                        ]
                    }
                }
            }
        }
    }
}