{"_timestamp":1.731542419274326e+09,"_runtime":1371.194517,"_step":29,"reward":-168.0655,"_wandb":{"runtime":1416},"time_steps":290048}