{"_step":0,"_wandb":{"runtime":2},"reward":-15.79999999999998,"time_steps":0,"_timestamp":1.7315033614169128e+09,"_runtime":1.754543}