{"_step":0,"_wandb":{"runtime":4},"reward":-199.57,"time_steps":0,"_timestamp":1.7315319651390111e+09,"_runtime":1.8845800000000001}