{"reward":-4.000000000000002,"time_steps":290062,"_timestamp":1.731536000171592e+09,"_runtime":736.431993,"_step":29,"_wandb":{"runtime":760}}