{"reward":-202,"time_steps":0,"_timestamp":1.731531767627732e+09,"_wandb":{"runtime":3},"_runtime":1.877361,"_step":0}