{"_timestamp":1.731502637865728e+09,"_runtime":96.776536,"_wandb":{"runtime":119},"_step":2,"reward":-53.799999999999976,"time_steps":20070}